Name,Maths,Science,English,Total,Average,Grade
Rahul,85,80,75,240,80.0,A
Priya,90,95,88,273,91.0,A+
Amit,78,70,72,220,73.33333333333333,B
Sneha,92,89,94,275,91.66666666666667,A+
Rohan,88,84,79,251,83.66666666666667,A
